<?xml version="1.0" encoding="windows-1252" ?>
<!DOCTYPE ViewLink SYSTEM "jbo_03_01.dtd">
<!---->
<ViewLink
  xmlns="http://xmlns.oracle.com/bc4j"
  Name="SCustomerCreditRatingFkLink"
  Version="11.1.1.64.93"
  InheritPersonalization="true"
  EntityAssociation="model.eo.SCustomerCreditRatingFkAssoc">
  <DesignTime>
    <Attr Name="_isCodegen" Value="true"/>
  </DesignTime>
  <ViewLinkDefEnd
    Name="SCreditRatingVO"
    Cardinality="1"
    Owner="model.vo.SCreditRatingVO"
    Source="true">
    <DesignTime>
      <Attr Name="_finderName" Value="SCreditRatingVO"/>
      <Attr Name="_isUpdateable" Value="true"/>
    </DesignTime>
    <AttrArray Name="Attributes">
      <Item Value="model.vo.SCreditRatingVO.Id"/>
    </AttrArray>
  </ViewLinkDefEnd>
  <ViewLinkDefEnd
    Name="SCustomerVO"
    Cardinality="-1"
    Owner="model.vo.SCustomerVO">
    <DesignTime>
      <Attr Name="_finderName" Value="SCustomerVO"/>
      <Attr Name="_isUpdateable" Value="true"/>
    </DesignTime>
    <AttrArray Name="Attributes">
      <Item Value="model.vo.SCustomerVO.CreditRatingId"/>
    </AttrArray>
  </ViewLinkDefEnd>
</ViewLink>
