<?xml version="1.0" encoding="windows-1252" ?>
<!DOCTYPE ViewObject SYSTEM "jbo_03_01.dtd">
<!---->
<ViewObject
  xmlns="http://xmlns.oracle.com/bc4j"
  Name="SCustomerVO"
  Version="11.1.1.64.93"
  InheritPersonalization="true"
  SelectList="SCustomerEO.ID, 
       SCustomerEO.NAME, 
       SCustomerEO.PHONE, 
       SCustomerEO.ADDRESS, 
       SCustomerEO.CITY, 
       SCustomerEO.STATE, 
       SCustomerEO.COUNTRY_ID, 
       SCustomerEO.ZIP_CODE, 
       SCustomerEO.CREDIT_RATING_ID, 
       SCustomerEO.SALES_REP_ID, 
       SCustomerEO.COMMENTS"
  FromList="S_CUSTOMER SCustomerEO"
  BindingStyle="OracleName"
  CustomQuery="false"
  PageIterMode="Full"
  UseGlueCode="false">
  <DesignTime>
    <Attr Name="_codeGenFlag2" Value="Access|VarAccess"/>
  </DesignTime>
  <Variable
    Name="custId"
    Kind="viewcriteria"
    Type="oracle.jbo.domain.Number"/>
  <Variable
    Name="creditparam"
    Kind="viewcriteria"
    Type="oracle.jbo.domain.Number"/>
  <ViewAccessor
    Name="SCustomerVO1"
    ViewObjectName="model.vo.SCustomerVO"
    RowLevelBinds="true"/>
  <ViewAccessor
    Name="SCreditRatingVO1"
    ViewObjectName="model.vo.SCreditRatingVO"
    RowLevelBinds="true"/>
  <ListBinding
    Name="LOV_CreditRatingId"
    ListVOName="SCreditRatingVO1"
    ListRangeSize="-1"
    NullValueFlag="start"
    NullValueId="LOV_CreditRatingId_LOVUIHints_NullValueId"
    MRUCount="0">
    <AttrArray Name="AttrNames">
      <Item Value="CreditRatingId"/>
    </AttrArray>
    <AttrArray Name="ListAttrNames">
      <Item Value="Id"/>
    </AttrArray>
    <AttrArray Name="ListDisplayAttrNames">
      <Item Value="CreditRating"/>
    </AttrArray>
    <DisplayCriteria/>
  </ListBinding>
  <EntityUsage
    Name="SCustomerEO"
    Entity="model.eo.SCustomerEO"/>
  <ViewAttribute
    Name="Id"
    IsNotNull="true"
    PrecisionRule="true"
    EntityAttrName="Id"
    EntityUsage="SCustomerEO"
    AliasName="ID"/>
  <ViewAttribute
    Name="Name"
    IsNotNull="true"
    PrecisionRule="true"
    EntityAttrName="Name"
    EntityUsage="SCustomerEO"
    AliasName="NAME"/>
  <ViewAttribute
    Name="Phone"
    PrecisionRule="true"
    EntityAttrName="Phone"
    EntityUsage="SCustomerEO"
    AliasName="PHONE"/>
  <ViewAttribute
    Name="Address"
    PrecisionRule="true"
    EntityAttrName="Address"
    EntityUsage="SCustomerEO"
    AliasName="ADDRESS"/>
  <ViewAttribute
    Name="City"
    PrecisionRule="true"
    EntityAttrName="City"
    EntityUsage="SCustomerEO"
    AliasName="CITY"/>
  <ViewAttribute
    Name="State"
    PrecisionRule="true"
    EntityAttrName="State"
    EntityUsage="SCustomerEO"
    AliasName="STATE"/>
  <ViewAttribute
    Name="CountryId"
    PrecisionRule="true"
    EntityAttrName="CountryId"
    EntityUsage="SCustomerEO"
    AliasName="COUNTRY_ID"/>
  <ViewAttribute
    Name="ZipCode"
    PrecisionRule="true"
    EntityAttrName="ZipCode"
    EntityUsage="SCustomerEO"
    AliasName="ZIP_CODE"/>
  <ViewAttribute
    Name="CreditRatingId"
    PrecisionRule="true"
    EntityAttrName="CreditRatingId"
    EntityUsage="SCustomerEO"
    AliasName="CREDIT_RATING_ID"
    LOVName="LOV_CreditRatingId">
    <Properties>
      <SchemaBasedProperties>
        <CONTROLTYPE
          Value="choice"/>
      </SchemaBasedProperties>
    </Properties>
  </ViewAttribute>
  <ViewAttribute
    Name="SalesRepId"
    PrecisionRule="true"
    EntityAttrName="SalesRepId"
    EntityUsage="SCustomerEO"
    AliasName="SALES_REP_ID"/>
  <ViewAttribute
    Name="Comments"
    PrecisionRule="true"
    EntityAttrName="Comments"
    EntityUsage="SCustomerEO"
    AliasName="COMMENTS"/>
  <ViewCriteria
    Name="SCustomerVOCriteria"
    ViewObjectName="model.vo.SCustomerVO"
    Conjunction="AND">
    <Properties>
      <CustomProperties>
        <Property
          Name="displayOperators"
          Value="InAdvancedMode"/>
        <Property
          Name="autoExecute"
          Value="false"/>
        <Property
          Name="allowConjunctionOverride"
          Value="true"/>
        <Property
          Name="showInList"
          Value="true"/>
        <Property
          Name="mode"
          Value="Basic"/>
      </CustomProperties>
    </Properties>
    <ViewCriteriaRow
      Name="vcrow0"
      UpperColumns="1">
      <ViewCriteriaItem
        Name="Id"
        ViewAttribute="Id"
        Operator="="
        Conjunction="AND"
        Value=":custId"
        IsBindVarValue="true"
        Required="Optional"/>
    </ViewCriteriaRow>
  </ViewCriteria>
  <ViewCriteria
    Name="CreditRatingCustomerVOCriteria"
    ViewObjectName="model.vo.SCustomerVO"
    Conjunction="AND">
    <Properties>
      <CustomProperties>
        <Property
          Name="displayOperators"
          Value="InAdvancedMode"/>
        <Property
          Name="autoExecute"
          Value="false"/>
        <Property
          Name="allowConjunctionOverride"
          Value="true"/>
        <Property
          Name="showInList"
          Value="true"/>
        <Property
          Name="mode"
          Value="Basic"/>
      </CustomProperties>
    </Properties>
    <ViewCriteriaRow
      Name="vcrow51"
      UpperColumns="1">
      <ViewCriteriaItem
        Name="CreditRatingId"
        ViewAttribute="CreditRatingId"
        Operator="="
        Conjunction="AND"
        Value=":creditparam"
        IsBindVarValue="true"
        Required="Optional"/>
    </ViewCriteriaRow>
  </ViewCriteria>
  <ViewLinkAccessor
    Name="SOrdVO"
    ViewLink="model.vo.viewlinks.SOrdCustomerIdFkLink"
    Type="oracle.jbo.RowIterator"
    IsUpdateable="false"/>
  <ResourceBundle>
    <PropertiesBundle
      PropertiesFile="model.ModelBundle"/>
  </ResourceBundle>
</ViewObject>
