<?xml version="1.0" encoding="windows-1252" ?>
<!DOCTYPE ViewObject SYSTEM "jbo_03_01.dtd">
<!---->
<ViewObject
  xmlns="http://xmlns.oracle.com/bc4j"
  Name="SInventoryVO"
  Version="11.1.1.64.93"
  InheritPersonalization="true"
  SelectList="SInventoryEO.PRODUCT_ID, 
       SInventoryEO.WAREHOUSE_ID, 
       SInventoryEO.AMOUNT_IN_STOCK, 
       SInventoryEO.REORDER_POINT, 
       SInventoryEO.MAX_IN_STOCK, 
       SInventoryEO.OUT_OF_STOCK_EXPLANATION, 
       SInventoryEO.RESTOCK_DATE"
  FromList="S_INVENTORY SInventoryEO"
  BindingStyle="OracleName"
  CustomQuery="false"
  PageIterMode="Full"
  UseGlueCode="false">
  <DesignTime>
    <Attr Name="_codeGenFlag2" Value="VarAccess"/>
  </DesignTime>
  <Variable
    Name="productIdParam"
    Kind="viewcriteria"
    Type="oracle.jbo.domain.Number"/>
  <EntityUsage
    Name="SInventoryEO"
    Entity="model.eo.SInventoryEO"/>
  <ViewAttribute
    Name="ProductId"
    IsNotNull="true"
    PrecisionRule="true"
    EntityAttrName="ProductId"
    EntityUsage="SInventoryEO"
    AliasName="PRODUCT_ID"/>
  <ViewAttribute
    Name="WarehouseId"
    IsNotNull="true"
    PrecisionRule="true"
    EntityAttrName="WarehouseId"
    EntityUsage="SInventoryEO"
    AliasName="WAREHOUSE_ID"/>
  <ViewAttribute
    Name="AmountInStock"
    PrecisionRule="true"
    EntityAttrName="AmountInStock"
    EntityUsage="SInventoryEO"
    AliasName="AMOUNT_IN_STOCK"/>
  <ViewAttribute
    Name="ReorderPoint"
    PrecisionRule="true"
    EntityAttrName="ReorderPoint"
    EntityUsage="SInventoryEO"
    AliasName="REORDER_POINT"/>
  <ViewAttribute
    Name="MaxInStock"
    PrecisionRule="true"
    EntityAttrName="MaxInStock"
    EntityUsage="SInventoryEO"
    AliasName="MAX_IN_STOCK"/>
  <ViewAttribute
    Name="OutOfStockExplanation"
    PrecisionRule="true"
    EntityAttrName="OutOfStockExplanation"
    EntityUsage="SInventoryEO"
    AliasName="OUT_OF_STOCK_EXPLANATION"/>
  <ViewAttribute
    Name="RestockDate"
    PrecisionRule="true"
    EntityAttrName="RestockDate"
    EntityUsage="SInventoryEO"
    AliasName="RESTOCK_DATE"/>
  <ViewCriteria
    Name="SInventoryVOCriteria"
    ViewObjectName="model.vo.SInventoryVO"
    Conjunction="AND">
    <Properties>
      <CustomProperties>
        <Property
          Name="displayOperators"
          Value="InAdvancedMode"/>
        <Property
          Name="autoExecute"
          Value="false"/>
        <Property
          Name="allowConjunctionOverride"
          Value="true"/>
        <Property
          Name="showInList"
          Value="true"/>
        <Property
          Name="mode"
          Value="Basic"/>
      </CustomProperties>
    </Properties>
    <ViewCriteriaRow
      Name="vcrow18"
      UpperColumns="1">
      <ViewCriteriaItem
        Name="ProductId"
        ViewAttribute="ProductId"
        Operator="="
        Conjunction="AND"
        Value=":productIdParam"
        IsBindVarValue="true"
        Required="Optional"/>
    </ViewCriteriaRow>
  </ViewCriteria>
</ViewObject>
