<References xmlns="http://xmlns.oracle.com/adf/jndi">
  <Reference name="HR" className="oracle.jdeveloper.db.adapter.DatabaseProvider" credentialStoreKey="HR" xmlns="">
    <Factory className="oracle.jdevimpl.db.adapter.DatabaseProviderFactory1212"/>
    <RefAddresses>
      <StringRefAddr addrType="oraDriverType">
        <Contents>thin</Contents>
      </StringRefAddr>
      <StringRefAddr addrType="hostname">
        <Contents>localhost</Contents>
      </StringRefAddr>
      <SecureRefAddr addrType="password"/>
      <StringRefAddr addrType="subtype">
        <Contents>oraJDBC</Contents>
      </StringRefAddr>
      <StringRefAddr addrType="port">
        <Contents>1521</Contents>
      </StringRefAddr>
      <StringRefAddr addrType="user">
        <Contents>hr</Contents>
      </StringRefAddr>
      <StringRefAddr addrType="sid">
        <Contents>XE</Contents>
      </StringRefAddr>
    </RefAddresses>
  </Reference>
  <Reference name="OracleMap" className="oracle.adf.model.connection.url.HttpURLConnection" xmlns="">
    <Factory className="oracle.adf.model.connection.url.URLConnectionFactory"/>
    <RefAddresses>
      <XmlRefAddr addrType="OracleMap">
        <Contents>
          <urlconnection name="OracleMap" url="http://elocation.oracle.com/mapviewer"/>
        </Contents>
      </XmlRefAddr>
    </RefAddresses>
  </Reference>
</References>