<?xml version="1.0" encoding="windows-1252" ?>
<!DOCTYPE ViewLink SYSTEM "jbo_03_01.dtd">
<!---->
<ViewLink
  xmlns="http://xmlns.oracle.com/bc4j"
  Name="SItemOrdIdFkLink"
  Version="11.1.1.64.93"
  InheritPersonalization="true"
  EntityAssociation="app.model.SItemOrdIdFkAssoc">
  <DesignTime>
    <Attr Name="_isCodegen" Value="true"/>
  </DesignTime>
  <ViewLinkDefEnd
    Name="SOrdView"
    Cardinality="1"
    Owner="app.model.SOrdView"
    Source="true">
    <DesignTime>
      <Attr Name="_finderName" Value="SOrdView"/>
      <Attr Name="_isUpdateable" Value="true"/>
      <Attr Name="_minCardinality" Value="1"/>
    </DesignTime>
    <AttrArray Name="Attributes">
      <Item Value="app.model.SOrdView.Id"/>
    </AttrArray>
  </ViewLinkDefEnd>
  <ViewLinkDefEnd
    Name="SItemView"
    Cardinality="-1"
    Owner="app.model.SItemView">
    <DesignTime>
      <Attr Name="_finderName" Value="SItemView"/>
      <Attr Name="_isUpdateable" Value="true"/>
    </DesignTime>
    <AttrArray Name="Attributes">
      <Item Value="app.model.SItemView.OrdId"/>
    </AttrArray>
  </ViewLinkDefEnd>
</ViewLink>
