<?xml version="1.0" encoding="windows-1252" ?>
<!DOCTYPE ViewObject SYSTEM "jbo_03_01.dtd">
<!---->
<ViewObject
  xmlns="http://xmlns.oracle.com/bc4j"
  Name="SItemView"
  Version="11.1.1.64.93"
  InheritPersonalization="true"
  SelectList="SItem.ORD_ID, 
       SItem.ITEM_ID, 
       SItem.PRODUCT_ID, 
       SItem.PRICE, 
       SItem.QUANTITY, 
       SItem.QUANTITY_SHIPPED"
  FromList="S_ITEM SItem"
  BindingStyle="OracleName"
  CustomQuery="false"
  PageIterMode="Full"
  UseGlueCode="false"
  RowClass="app.model.SItemViewRowImpl">
  <DesignTime>
    <Attr Name="_codeGenFlag2" Value="Access"/>
    <Attr Name="_isCodegen" Value="true"/>
  </DesignTime>
  <Variable
    Name="orId"
    Kind="viewcriteria"
    Type="oracle.jbo.domain.Number"/>
  <EntityUsage
    Name="SItem"
    Entity="app.model.SItem"/>
  <ViewAttribute
    Name="OrdId"
    IsUnique="true"
    IsNotNull="true"
    PrecisionRule="true"
    EntityAttrName="OrdId"
    EntityUsage="SItem"
    AliasName="ORD_ID"/>
  <ViewAttribute
    Name="ItemId"
    IsNotNull="true"
    PrecisionRule="true"
    EntityAttrName="ItemId"
    EntityUsage="SItem"
    AliasName="ITEM_ID"/>
  <ViewAttribute
    Name="ProductId"
    IsUnique="true"
    IsNotNull="true"
    PrecisionRule="true"
    EntityAttrName="ProductId"
    EntityUsage="SItem"
    AliasName="PRODUCT_ID"/>
  <ViewAttribute
    Name="Price"
    PrecisionRule="true"
    EntityAttrName="Price"
    EntityUsage="SItem"
    AliasName="PRICE"/>
  <ViewAttribute
    Name="Quantity"
    PrecisionRule="true"
    EntityAttrName="Quantity"
    EntityUsage="SItem"
    AliasName="QUANTITY"/>
  <ViewAttribute
    Name="QuantityShipped"
    PrecisionRule="true"
    EntityAttrName="QuantityShipped"
    EntityUsage="SItem"
    AliasName="QUANTITY_SHIPPED"/>
  <ViewAttribute
    Name="OrdTotal"
    IsUpdateable="false"
    IsSelected="false"
    IsPersistent="false"
    PrecisionRule="true"
    Type="oracle.jbo.domain.Number"
    ColumnType="NUMBER"
    AliasName="VIEW_ATTR"
    SQLType="NUMERIC"/>
  <ViewCriteria
    Name="SItemViewCriteria"
    ViewObjectName="app.model.SItemView"
    Conjunction="AND">
    <Properties>
      <CustomProperties>
        <Property
          Name="displayOperators"
          Value="InAdvancedMode"/>
        <Property
          Name="autoExecute"
          Value="false"/>
        <Property
          Name="allowConjunctionOverride"
          Value="true"/>
        <Property
          Name="showInList"
          Value="true"/>
        <Property
          Name="mode"
          Value="Basic"/>
      </CustomProperties>
    </Properties>
    <ViewCriteriaRow
      Name="vcrow6"
      UpperColumns="1">
      <ViewCriteriaItem
        Name="OrdId"
        ViewAttribute="OrdId"
        Operator="="
        Conjunction="AND"
        Value=":orId"
        Required="Optional"
        IsBindVarValue="true"/>
    </ViewCriteriaRow>
  </ViewCriteria>
</ViewObject>
