<?xml version="1.0" encoding="windows-1252" ?>
<!DOCTYPE Entity SYSTEM "jbo_03_01.dtd">
<!---->
<Entity
  xmlns="http://xmlns.oracle.com/bc4j"
  Name="SItem"
  Version="11.1.1.64.93"
  InheritPersonalization="true"
  DBObjectType="table"
  DBObjectName="S_ITEM"
  AliasName="SItem"
  BindingStyle="OracleName"
  UseGlueCode="false">
  <DesignTime>
    <Attr Name="_codeGenFlag2" Value="Access"/>
    <AttrArray Name="_publishEvents"/>
  </DesignTime>
  <Attribute
    Name="OrdId"
    IsUnique="true"
    IsNotNull="true"
    Precision="7"
    Scale="0"
    ColumnName="ORD_ID"
    SQLType="NUMERIC"
    Type="oracle.jbo.domain.Number"
    ColumnType="NUMBER"
    TableName="S_ITEM"
    PrimaryKey="true">
    <DesignTime>
      <Attr Name="_DisplaySize" Value="8"/>
    </DesignTime>
  </Attribute>
  <Attribute
    Name="ItemId"
    IsNotNull="true"
    Precision="7"
    Scale="0"
    ColumnName="ITEM_ID"
    SQLType="NUMERIC"
    Type="oracle.jbo.domain.Number"
    ColumnType="NUMBER"
    TableName="S_ITEM"
    PrimaryKey="true">
    <DesignTime>
      <Attr Name="_DisplaySize" Value="8"/>
    </DesignTime>
  </Attribute>
  <Attribute
    Name="ProductId"
    IsUnique="true"
    IsNotNull="true"
    Precision="7"
    Scale="0"
    ColumnName="PRODUCT_ID"
    SQLType="NUMERIC"
    Type="oracle.jbo.domain.Number"
    ColumnType="NUMBER"
    TableName="S_ITEM">
    <DesignTime>
      <Attr Name="_DisplaySize" Value="8"/>
    </DesignTime>
  </Attribute>
  <Attribute
    Name="Price"
    Precision="11"
    Scale="2"
    ColumnName="PRICE"
    SQLType="NUMERIC"
    Type="oracle.jbo.domain.Number"
    ColumnType="NUMBER"
    TableName="S_ITEM">
    <DesignTime>
      <Attr Name="_DisplaySize" Value="13"/>
    </DesignTime>
  </Attribute>
  <Attribute
    Name="Quantity"
    Precision="9"
    Scale="0"
    ColumnName="QUANTITY"
    SQLType="NUMERIC"
    Type="oracle.jbo.domain.Number"
    ColumnType="NUMBER"
    TableName="S_ITEM">
    <DesignTime>
      <Attr Name="_DisplaySize" Value="10"/>
    </DesignTime>
  </Attribute>
  <Attribute
    Name="QuantityShipped"
    Precision="9"
    Scale="0"
    ColumnName="QUANTITY_SHIPPED"
    SQLType="NUMERIC"
    Type="oracle.jbo.domain.Number"
    ColumnType="NUMBER"
    TableName="S_ITEM">
    <DesignTime>
      <Attr Name="_DisplaySize" Value="10"/>
    </DesignTime>
  </Attribute>
  <AccessorAttribute
    Name="SOrd"
    Association="app.model.SItemOrdIdFkAssoc"
    AssociationEnd="app.model.SItemOrdIdFkAssoc.SOrd"
    AssociationOtherEnd="app.model.SItemOrdIdFkAssoc.SItem"
    Type="oracle.jbo.server.EntityImpl"
    IsUpdateable="true"/>
  <Key
    Name="SItemItemIdNn">
    <DesignTime>
      <Attr Name="_DBObjectName" Value="S_ITEM_ITEM_ID_NN"/>
      <Attr Name="_checkCondition" Value="ITEM_ID IS NOT NULL"/>
      <Attr Name="_isCheck" Value="true"/>
    </DesignTime>
    <AttrArray Name="Attributes">
      <Item Value="app.model.SItem.ItemId"/>
    </AttrArray>
  </Key>
  <Key
    Name="SItemOrdIdNn">
    <DesignTime>
      <Attr Name="_DBObjectName" Value="S_ITEM_ORD_ID_NN"/>
      <Attr Name="_checkCondition" Value="ORD_ID IS NOT NULL"/>
      <Attr Name="_isCheck" Value="true"/>
    </DesignTime>
    <AttrArray Name="Attributes">
      <Item Value="app.model.SItem.OrdId"/>
    </AttrArray>
  </Key>
  <Key
    Name="SItemOrdidItemidPk"
    PrimaryKey="true">
    <DesignTime>
      <Attr Name="_DBObjectName" Value="S_ITEM_ORDID_ITEMID_PK"/>
    </DesignTime>
    <AttrArray Name="Attributes">
      <Item Value="app.model.SItem.OrdId"/>
      <Item Value="app.model.SItem.ItemId"/>
    </AttrArray>
  </Key>
  <Key
    Name="SItemOrdidProdidUk">
    <DesignTime>
      <Attr Name="_isUnique" Value="true"/>
      <Attr Name="_DBObjectName" Value="S_ITEM_ORDID_PRODID_UK"/>
    </DesignTime>
    <AttrArray Name="Attributes">
      <Item Value="app.model.SItem.OrdId"/>
      <Item Value="app.model.SItem.ProductId"/>
    </AttrArray>
  </Key>
  <Key
    Name="SItemProductIdNn">
    <DesignTime>
      <Attr Name="_DBObjectName" Value="S_ITEM_PRODUCT_ID_NN"/>
      <Attr Name="_checkCondition" Value="PRODUCT_ID IS NOT NULL"/>
      <Attr Name="_isCheck" Value="true"/>
    </DesignTime>
    <AttrArray Name="Attributes">
      <Item Value="app.model.SItem.ProductId"/>
    </AttrArray>
  </Key>
  <Key
    Name="SysC007721">
    <DesignTime>
      <Attr Name="_DBObjectName" Value="SYS_C007721"/>
      <Attr Name="_checkCondition" Value='"ORD_ID" IS NOT NULL'/>
      <Attr Name="_isCheck" Value="true"/>
    </DesignTime>
    <AttrArray Name="Attributes">
      <Item Value="app.model.SItem.OrdId"/>
    </AttrArray>
  </Key>
  <Key
    Name="SysC007722">
    <DesignTime>
      <Attr Name="_DBObjectName" Value="SYS_C007722"/>
      <Attr Name="_checkCondition" Value='"ITEM_ID" IS NOT NULL'/>
      <Attr Name="_isCheck" Value="true"/>
    </DesignTime>
    <AttrArray Name="Attributes">
      <Item Value="app.model.SItem.ItemId"/>
    </AttrArray>
  </Key>
  <Key
    Name="SysC007723">
    <DesignTime>
      <Attr Name="_DBObjectName" Value="SYS_C007723"/>
      <Attr Name="_checkCondition" Value='"PRODUCT_ID" IS NOT NULL'/>
      <Attr Name="_isCheck" Value="true"/>
    </DesignTime>
    <AttrArray Name="Attributes">
      <Item Value="app.model.SItem.ProductId"/>
    </AttrArray>
  </Key>
  <Key
    Name="SItemOrdIdFk">
    <DesignTime>
      <Attr Name="_referencedKey" Value="S_ORD_ID_PK"/>
      <Attr Name="_isForeign" Value="true"/>
      <Attr Name="_DBObjectName" Value="S_ITEM_ORD_ID_FK"/>
    </DesignTime>
    <AttrArray Name="Attributes">
      <Item Value="app.model.SItem.OrdId"/>
    </AttrArray>
  </Key>
  <Key
    Name="SItemProductIdFk">
    <DesignTime>
      <Attr Name="_referencedKey" Value="S_PRODUCT_ID_PK"/>
      <Attr Name="_isForeign" Value="true"/>
      <Attr Name="_DBObjectName" Value="S_ITEM_PRODUCT_ID_FK"/>
    </DesignTime>
    <AttrArray Name="Attributes">
      <Item Value="app.model.SItem.ProductId"/>
    </AttrArray>
  </Key>
</Entity>
