<?xml version="1.0" encoding="windows-1252" ?>
<!DOCTYPE Entity SYSTEM "jbo_03_01.dtd">
<!---->
<Entity
  xmlns="http://xmlns.oracle.com/bc4j"
  Name="SOrd"
  Version="11.1.1.64.93"
  InheritPersonalization="true"
  DBObjectType="table"
  DBObjectName="S_ORD"
  AliasName="SOrd"
  BindingStyle="OracleName"
  UseGlueCode="false">
  <DesignTime>
    <Attr Name="_codeGenFlag2" Value="Access"/>
    <AttrArray Name="_publishEvents"/>
  </DesignTime>
  <Attribute
    Name="Id"
    IsNotNull="true"
    Precision="7"
    Scale="0"
    ColumnName="ID"
    SQLType="NUMERIC"
    Type="oracle.jbo.domain.Number"
    ColumnType="NUMBER"
    TableName="S_ORD"
    PrimaryKey="true">
    <DesignTime>
      <Attr Name="_DisplaySize" Value="8"/>
    </DesignTime>
  </Attribute>
  <Attribute
    Name="CustomerId"
    IsNotNull="true"
    Precision="7"
    Scale="0"
    ColumnName="CUSTOMER_ID"
    SQLType="NUMERIC"
    Type="oracle.jbo.domain.Number"
    ColumnType="NUMBER"
    TableName="S_ORD">
    <DesignTime>
      <Attr Name="_DisplaySize" Value="8"/>
    </DesignTime>
  </Attribute>
  <Attribute
    Name="DateOrdered"
    ColumnName="DATE_ORDERED"
    SQLType="TIMESTAMP"
    Type="oracle.jbo.domain.Date"
    ColumnType="DATE"
    TableName="S_ORD">
    <DesignTime>
      <Attr Name="_DisplaySize" Value="7"/>
    </DesignTime>
  </Attribute>
  <Attribute
    Name="DateShipped"
    ColumnName="DATE_SHIPPED"
    SQLType="TIMESTAMP"
    Type="oracle.jbo.domain.Date"
    ColumnType="DATE"
    TableName="S_ORD">
    <DesignTime>
      <Attr Name="_DisplaySize" Value="7"/>
    </DesignTime>
  </Attribute>
  <Attribute
    Name="SalesRepId"
    Precision="7"
    Scale="0"
    ColumnName="SALES_REP_ID"
    SQLType="NUMERIC"
    Type="oracle.jbo.domain.Number"
    ColumnType="NUMBER"
    TableName="S_ORD">
    <DesignTime>
      <Attr Name="_DisplaySize" Value="8"/>
    </DesignTime>
  </Attribute>
  <Attribute
    Name="Total"
    Precision="11"
    Scale="2"
    ColumnName="TOTAL"
    SQLType="NUMERIC"
    Type="oracle.jbo.domain.Number"
    ColumnType="NUMBER"
    TableName="S_ORD">
    <DesignTime>
      <Attr Name="_DisplaySize" Value="13"/>
    </DesignTime>
  </Attribute>
  <Attribute
    Name="PaymentTypeId"
    Precision="7"
    Scale="0"
    ColumnName="PAYMENT_TYPE_ID"
    SQLType="NUMERIC"
    Type="oracle.jbo.domain.Number"
    ColumnType="NUMBER"
    TableName="S_ORD">
    <DesignTime>
      <Attr Name="_DisplaySize" Value="8"/>
    </DesignTime>
  </Attribute>
  <Attribute
    Name="OrderFilled"
    Precision="1"
    ColumnName="ORDER_FILLED"
    SQLType="VARCHAR"
    Type="java.lang.String"
    ColumnType="VARCHAR2"
    TableName="S_ORD">
    <DesignTime>
      <Attr Name="_DisplaySize" Value="1"/>
    </DesignTime>
  </Attribute>
  <AccessorAttribute
    Name="SItem"
    Association="app.model.SItemOrdIdFkAssoc"
    AssociationEnd="app.model.SItemOrdIdFkAssoc.SItem"
    AssociationOtherEnd="app.model.SItemOrdIdFkAssoc.SOrd"
    Type="oracle.jbo.RowIterator"
    IsUpdateable="false"/>
  <Key
    Name="SOrdCustomerIdNn">
    <DesignTime>
      <Attr Name="_DBObjectName" Value="S_ORD_CUSTOMER_ID_NN"/>
      <Attr Name="_checkCondition" Value="CUSTOMER_ID IS NOT NULL"/>
      <Attr Name="_isCheck" Value="true"/>
    </DesignTime>
    <AttrArray Name="Attributes">
      <Item Value="app.model.SOrd.CustomerId"/>
    </AttrArray>
  </Key>
  <Key
    Name="SOrdIdNn">
    <DesignTime>
      <Attr Name="_DBObjectName" Value="S_ORD_ID_NN"/>
      <Attr Name="_checkCondition" Value="ID IS NOT NULL"/>
      <Attr Name="_isCheck" Value="true"/>
    </DesignTime>
    <AttrArray Name="Attributes">
      <Item Value="app.model.SOrd.Id"/>
    </AttrArray>
  </Key>
  <Key
    Name="SOrdIdPk"
    PrimaryKey="true">
    <DesignTime>
      <Attr Name="_DBObjectName" Value="S_ORD_ID_PK"/>
    </DesignTime>
    <AttrArray Name="Attributes">
      <Item Value="app.model.SOrd.Id"/>
    </AttrArray>
  </Key>
  <Key
    Name="SOrdOrderFilledCk">
    <DesignTime>
      <Attr Name="_DBObjectName" Value="S_ORD_ORDER_FILLED_CK"/>
      <Attr Name="_checkCondition" Value="ORDER_FILLED IN ('Y', 'N')"/>
      <Attr Name="_isCheck" Value="true"/>
    </DesignTime>
    <AttrArray Name="Attributes">
      <Item Value="app.model.SOrd.OrderFilled"/>
    </AttrArray>
  </Key>
  <Key
    Name="SysC007716">
    <DesignTime>
      <Attr Name="_DBObjectName" Value="SYS_C007716"/>
      <Attr Name="_checkCondition" Value='"ID" IS NOT NULL'/>
      <Attr Name="_isCheck" Value="true"/>
    </DesignTime>
    <AttrArray Name="Attributes">
      <Item Value="app.model.SOrd.Id"/>
    </AttrArray>
  </Key>
  <Key
    Name="SysC007717">
    <DesignTime>
      <Attr Name="_DBObjectName" Value="SYS_C007717"/>
      <Attr Name="_checkCondition" Value='"CUSTOMER_ID" IS NOT NULL'/>
      <Attr Name="_isCheck" Value="true"/>
    </DesignTime>
    <AttrArray Name="Attributes">
      <Item Value="app.model.SOrd.CustomerId"/>
    </AttrArray>
  </Key>
  <Key
    Name="SOrdCustomerIdFk">
    <DesignTime>
      <Attr Name="_referencedKey" Value="S_CUSTOMER_ID_PK"/>
      <Attr Name="_isForeign" Value="true"/>
      <Attr Name="_DBObjectName" Value="S_ORD_CUSTOMER_ID_FK"/>
    </DesignTime>
    <AttrArray Name="Attributes">
      <Item Value="app.model.SOrd.CustomerId"/>
    </AttrArray>
  </Key>
  <Key
    Name="SOrdPaymentTypeFk">
    <DesignTime>
      <Attr Name="_referencedKey" Value="S_PAYMENT_TYPE_PK"/>
      <Attr Name="_isForeign" Value="true"/>
      <Attr Name="_DBObjectName" Value="S_ORD_PAYMENT_TYPE_FK"/>
    </DesignTime>
    <AttrArray Name="Attributes">
      <Item Value="app.model.SOrd.PaymentTypeId"/>
    </AttrArray>
  </Key>
  <Key
    Name="SOrdSalesRepIdFk">
    <DesignTime>
      <Attr Name="_referencedKey" Value="S_EMP_ID_PK"/>
      <Attr Name="_isForeign" Value="true"/>
      <Attr Name="_DBObjectName" Value="S_ORD_SALES_REP_ID_FK"/>
    </DesignTime>
    <AttrArray Name="Attributes">
      <Item Value="app.model.SOrd.SalesRepId"/>
    </AttrArray>
  </Key>
</Entity>
