<?xml version="1.0" encoding="windows-1252" ?>
<!DOCTYPE Entity SYSTEM "jbo_03_01.dtd">
<!---->
<Entity
  xmlns="http://xmlns.oracle.com/bc4j"
  Name="SCreditRatingEO"
  Version="11.1.1.64.93"
  InheritPersonalization="true"
  DBObjectType="table"
  DBObjectName="S_CREDIT_RATING"
  AliasName="SCreditRatingEO"
  BindingStyle="OracleName"
  UseGlueCode="false">
  <DesignTime>
    <AttrArray Name="_publishEvents"/>
  </DesignTime>
  <Attribute
    Name="Id"
    IsNotNull="true"
    Precision="7"
    Scale="0"
    ColumnName="ID"
    SQLType="NUMERIC"
    Type="oracle.jbo.domain.Number"
    ColumnType="NUMBER"
    TableName="S_CREDIT_RATING"
    PrimaryKey="true">
    <DesignTime>
      <Attr Name="_DisplaySize" Value="8"/>
    </DesignTime>
  </Attribute>
  <Attribute
    Name="CreditRating"
    IsUnique="true"
    IsNotNull="true"
    Precision="20"
    ColumnName="CREDIT_RATING"
    SQLType="VARCHAR"
    Type="java.lang.String"
    ColumnType="VARCHAR2"
    TableName="S_CREDIT_RATING">
    <DesignTime>
      <Attr Name="_DisplaySize" Value="20"/>
    </DesignTime>
  </Attribute>
  <Attribute
    Name="Description"
    Precision="200"
    ColumnName="DESCRIPTION"
    SQLType="VARCHAR"
    Type="java.lang.String"
    ColumnType="VARCHAR2"
    TableName="S_CREDIT_RATING">
    <DesignTime>
      <Attr Name="_DisplaySize" Value="200"/>
    </DesignTime>
  </Attribute>
  <AccessorAttribute
    Name="SCustomerEO"
    Association="model.eo.SCustomerCreditRatingFkAssoc"
    AssociationEnd="model.eo.SCustomerCreditRatingFkAssoc.SCustomerEO"
    AssociationOtherEnd="model.eo.SCustomerCreditRatingFkAssoc.SCreditRatingEO"
    Type="oracle.jbo.RowIterator"
    IsUpdateable="false"/>
  <Key
    Name="SCreditRatingPk"
    PrimaryKey="true">
    <DesignTime>
      <Attr Name="_DBObjectName" Value="S_CREDIT_RATING_PK"/>
    </DesignTime>
    <AttrArray Name="Attributes">
      <Item Value="model.eo.SCreditRatingEO.Id"/>
    </AttrArray>
  </Key>
  <Key
    Name="SCreditRatingUk">
    <DesignTime>
      <Attr Name="_isUnique" Value="true"/>
      <Attr Name="_DBObjectName" Value="S_CREDIT_RATING_UK"/>
    </DesignTime>
    <AttrArray Name="Attributes">
      <Item Value="model.eo.SCreditRatingEO.CreditRating"/>
    </AttrArray>
  </Key>
  <Key
    Name="SysC007736">
    <DesignTime>
      <Attr Name="_DBObjectName" Value="SYS_C007736"/>
      <Attr Name="_checkCondition" Value='"ID" IS NOT NULL'/>
      <Attr Name="_isCheck" Value="true"/>
    </DesignTime>
    <AttrArray Name="Attributes">
      <Item Value="model.eo.SCreditRatingEO.Id"/>
    </AttrArray>
  </Key>
  <Key
    Name="SysC007737">
    <DesignTime>
      <Attr Name="_DBObjectName" Value="SYS_C007737"/>
      <Attr Name="_checkCondition" Value='"CREDIT_RATING" IS NOT NULL'/>
      <Attr Name="_isCheck" Value="true"/>
    </DesignTime>
    <AttrArray Name="Attributes">
      <Item Value="model.eo.SCreditRatingEO.CreditRating"/>
    </AttrArray>
  </Key>
</Entity>
