<?xml version="1.0" encoding="windows-1252" ?>
<!DOCTYPE Association SYSTEM "jbo_03_01.dtd">
<!---->
<Association
  xmlns="http://xmlns.oracle.com/bc4j"
  Name="SCustomerCreditRatingFkAssoc"
  Version="11.1.1.64.93"
  InheritPersonalization="true">
  <DesignTime>
    <Attr Name="_isCodegen" Value="true"/>
  </DesignTime>
  <AssociationEnd
    Name="SCreditRatingEO"
    Cardinality="1"
    Source="true"
    Owner="model.eo.SCreditRatingEO">
    <DesignTime>
      <Attr Name="_aggregation" Value="0"/>
      <Attr Name="_finderName" Value="SCreditRatingEO"/>
      <Attr Name="_foreignKey"
        Value="model.eo.SCreditRatingEO.SCreditRatingPk"/>
      <Attr Name="_isUpdateable" Value="true"/>
    </DesignTime>
    <AttrArray Name="Attributes">
      <Item Value="model.eo.SCreditRatingEO.Id"/>
    </AttrArray>
  </AssociationEnd>
  <AssociationEnd
    Name="SCustomerEO"
    Cardinality="-1"
    Owner="model.eo.SCustomerEO">
    <DesignTime>
      <Attr Name="_aggregation" Value="0"/>
      <Attr Name="_finderName" Value="SCustomerEO"/>
      <Attr Name="_foreignKey"
        Value="model.eo.SCustomerEO.SCustomerCreditRatingFk"/>
      <Attr Name="_isUpdateable" Value="true"/>
    </DesignTime>
    <AttrArray Name="Attributes">
      <Item Value="model.eo.SCustomerEO.CreditRatingId"/>
    </AttrArray>
  </AssociationEnd>
</Association>
