<?xml version="1.0" encoding="windows-1252" ?>
<!DOCTYPE Entity SYSTEM "jbo_03_01.dtd">
<!---->
<Entity
  xmlns="http://xmlns.oracle.com/bc4j"
  Name="SInventoryEO"
  Version="11.1.1.64.93"
  InheritPersonalization="true"
  DBObjectType="table"
  DBObjectName="S_INVENTORY"
  AliasName="SInventoryEO"
  BindingStyle="OracleName"
  UseGlueCode="false">
  <DesignTime>
    <AttrArray Name="_publishEvents"/>
  </DesignTime>
  <Attribute
    Name="ProductId"
    IsNotNull="true"
    Precision="7"
    Scale="0"
    ColumnName="PRODUCT_ID"
    SQLType="NUMERIC"
    Type="oracle.jbo.domain.Number"
    ColumnType="NUMBER"
    TableName="S_INVENTORY"
    PrimaryKey="true">
    <DesignTime>
      <Attr Name="_DisplaySize" Value="8"/>
    </DesignTime>
  </Attribute>
  <Attribute
    Name="WarehouseId"
    IsNotNull="true"
    Precision="7"
    Scale="0"
    ColumnName="WAREHOUSE_ID"
    SQLType="NUMERIC"
    Type="oracle.jbo.domain.Number"
    ColumnType="NUMBER"
    TableName="S_INVENTORY"
    PrimaryKey="true">
    <DesignTime>
      <Attr Name="_DisplaySize" Value="8"/>
    </DesignTime>
  </Attribute>
  <Attribute
    Name="AmountInStock"
    Precision="9"
    Scale="0"
    ColumnName="AMOUNT_IN_STOCK"
    SQLType="NUMERIC"
    Type="oracle.jbo.domain.Number"
    ColumnType="NUMBER"
    TableName="S_INVENTORY">
    <DesignTime>
      <Attr Name="_DisplaySize" Value="10"/>
    </DesignTime>
  </Attribute>
  <Attribute
    Name="ReorderPoint"
    Precision="9"
    Scale="0"
    ColumnName="REORDER_POINT"
    SQLType="NUMERIC"
    Type="oracle.jbo.domain.Number"
    ColumnType="NUMBER"
    TableName="S_INVENTORY">
    <DesignTime>
      <Attr Name="_DisplaySize" Value="10"/>
    </DesignTime>
  </Attribute>
  <Attribute
    Name="MaxInStock"
    Precision="9"
    Scale="0"
    ColumnName="MAX_IN_STOCK"
    SQLType="NUMERIC"
    Type="oracle.jbo.domain.Number"
    ColumnType="NUMBER"
    TableName="S_INVENTORY">
    <DesignTime>
      <Attr Name="_DisplaySize" Value="10"/>
    </DesignTime>
  </Attribute>
  <Attribute
    Name="OutOfStockExplanation"
    Precision="255"
    ColumnName="OUT_OF_STOCK_EXPLANATION"
    SQLType="VARCHAR"
    Type="java.lang.String"
    ColumnType="VARCHAR2"
    TableName="S_INVENTORY">
    <DesignTime>
      <Attr Name="_DisplaySize" Value="255"/>
    </DesignTime>
  </Attribute>
  <Attribute
    Name="RestockDate"
    ColumnName="RESTOCK_DATE"
    SQLType="TIMESTAMP"
    Type="oracle.jbo.domain.Date"
    ColumnType="DATE"
    TableName="S_INVENTORY">
    <DesignTime>
      <Attr Name="_DisplaySize" Value="7"/>
    </DesignTime>
  </Attribute>
  <Key
    Name="SInventoryProdidWaridPk"
    PrimaryKey="true">
    <DesignTime>
      <Attr Name="_DBObjectName" Value="S_INVENTORY_PRODID_WARID_PK"/>
    </DesignTime>
    <AttrArray Name="Attributes">
      <Item Value="model.eo.SInventoryEO.ProductId"/>
      <Item Value="model.eo.SInventoryEO.WarehouseId"/>
    </AttrArray>
  </Key>
  <Key
    Name="SInventoryProductIdNn">
    <DesignTime>
      <Attr Name="_DBObjectName" Value="S_INVENTORY_PRODUCT_ID_NN"/>
      <Attr Name="_checkCondition" Value="PRODUCT_ID IS NOT NULL"/>
      <Attr Name="_isCheck" Value="true"/>
    </DesignTime>
    <AttrArray Name="Attributes">
      <Item Value="model.eo.SInventoryEO.ProductId"/>
    </AttrArray>
  </Key>
  <Key
    Name="SInventoryWarehouseIdNn">
    <DesignTime>
      <Attr Name="_DBObjectName" Value="S_INVENTORY_WAREHOUSE_ID_NN"/>
      <Attr Name="_checkCondition" Value="WAREHOUSE_ID IS NOT NULL"/>
      <Attr Name="_isCheck" Value="true"/>
    </DesignTime>
    <AttrArray Name="Attributes">
      <Item Value="model.eo.SInventoryEO.WarehouseId"/>
    </AttrArray>
  </Key>
  <Key
    Name="SysC007725">
    <DesignTime>
      <Attr Name="_DBObjectName" Value="SYS_C007725"/>
      <Attr Name="_checkCondition" Value='"PRODUCT_ID" IS NOT NULL'/>
      <Attr Name="_isCheck" Value="true"/>
    </DesignTime>
    <AttrArray Name="Attributes">
      <Item Value="model.eo.SInventoryEO.ProductId"/>
    </AttrArray>
  </Key>
  <Key
    Name="SysC007726">
    <DesignTime>
      <Attr Name="_DBObjectName" Value="SYS_C007726"/>
      <Attr Name="_checkCondition" Value='"WAREHOUSE_ID" IS NOT NULL'/>
      <Attr Name="_isCheck" Value="true"/>
    </DesignTime>
    <AttrArray Name="Attributes">
      <Item Value="model.eo.SInventoryEO.WarehouseId"/>
    </AttrArray>
  </Key>
  <Key
    Name="SInventoryProductIdFk">
    <DesignTime>
      <Attr Name="_referencedKey" Value="S_PRODUCT_ID_PK"/>
      <Attr Name="_isForeign" Value="true"/>
      <Attr Name="_DBObjectName" Value="S_INVENTORY_PRODUCT_ID_FK"/>
    </DesignTime>
    <AttrArray Name="Attributes">
      <Item Value="model.eo.SInventoryEO.ProductId"/>
    </AttrArray>
  </Key>
  <Key
    Name="SInventoryWarehouseIdFk">
    <DesignTime>
      <Attr Name="_referencedKey" Value="S_WAREHOUSE_ID_PK"/>
      <Attr Name="_isForeign" Value="true"/>
      <Attr Name="_DBObjectName" Value="S_INVENTORY_WAREHOUSE_ID_FK"/>
    </DesignTime>
    <AttrArray Name="Attributes">
      <Item Value="model.eo.SInventoryEO.WarehouseId"/>
    </AttrArray>
  </Key>
</Entity>
