<?xml version="1.0" encoding="windows-1252" ?>
<!DOCTYPE ViewObject SYSTEM "jbo_03_01.dtd">
<!---->
<ViewObject
  xmlns="http://xmlns.oracle.com/bc4j"
  Name="EmployeesViewEx"
  Version="12.2.1.9.14"
  Extends="model.EmployeesView"
  InheritPersonalization="merge"
  BindingStyle="OracleName"
  CustomQuery="false"
  PageIterMode="Full"
  RowClass="model.EmployeesViewExRowImpl"
  Where="Employees.DEPARTMENT_ID = 30">
  <DesignTime>
    <Attr Name="_codeGenFlag2" Value="Access"/>
    <Attr Name="_isCodegen" Value="true"/>
  </DesignTime>
  <Properties>
    <SchemaBasedProperties>
      <LABEL
        ResId="model.EmployeesViewEx_LABEL"/>
    </SchemaBasedProperties>
  </Properties>
  <ViewAttribute
    Name="EmployeeFullname"
    IsUpdateable="false"
    IsSelected="false"
    IsPersistent="false"
    PrecisionRule="true"
    Precision="255"
    Type="java.lang.String"
    ColumnType="VARCHAR2"
    AliasName="VIEW_ATTR"
    SQLType="VARCHAR"/>
  <ViewCriteria
    Name="EmployeesViewExCriteria"
    ViewObjectName="model.EmployeesViewEx"
    Conjunction="AND">
    <Properties Name="_Props">
      <CustomProperties>
        <Property
          Name="autoExecute"
          Value="false"/>
        <Property
          Name="mode"
          Value="Basic"/>
        <Property
          Name="allowConjunctionOverride"
          Value="true"/>
        <Property
          Name="showInList"
          Value="true"/>
        <Property
          Name="displayOperators"
          Value="InAdvancedMode"/>
      </CustomProperties>
    </Properties>
    <ViewCriteriaRow
      Name="EmployeesViewExCriteria_row_0"
      UpperColumns="1">
      <ViewCriteriaItem
        Name="Salary"
        ViewAttribute="Salary"
        Operator="&lt;"
        Conjunction="AND"
        Value="20000"
        Required="Optional"/>
    </ViewCriteriaRow>
  </ViewCriteria>
  <ResourceBundle>
    <PropertiesBundle
      PropertiesFile="model.ModelBundle"/>
  </ResourceBundle>
</ViewObject>
