<?xml version="1.0" encoding="windows-1252" ?>
<adfc-config xmlns="http://xmlns.oracle.com/adf/controller" version="1.2">
  <view id="userEmployees">
    <page>/userEmployees.jsf</page>
  </view>
  <view id="login">
    <page>/login.jsf</page>
  </view>
  <control-flow-rule id="__1">
    <from-activity-id>*</from-activity-id>
    <control-flow-case id="__2">
      <from-outcome>login</from-outcome>
      <to-activity-id>login</to-activity-id>
    </control-flow-case>
    <control-flow-case id="__3">
      <from-outcome>emp</from-outcome>
      <to-activity-id>userEmployees</to-activity-id>
    </control-flow-case>
  </control-flow-rule>
  <managed-bean id="__4">
    <managed-bean-name>EmpBean</managed-bean-name>
    <managed-bean-class>view.bean.EmpBean</managed-bean-class>
    <managed-bean-scope>backingBean</managed-bean-scope>
  </managed-bean>
</adfc-config>
