<?xml version="1.0" encoding="windows-1252" ?>
<!DOCTYPE ViewObject SYSTEM "jbo_03_01.dtd">
<!---->
<ViewObject
  xmlns="http://xmlns.oracle.com/bc4j"
  Name="ProggrammaticDepartmentsView"
  Version="12.2.1.9.14"
  InheritPersonalization="merge"
  BindingStyle="OracleName"
  CustomQuery="true"
  RowClass="model.ProggrammaticDepartmentsViewRowImpl"
  ComponentClass="model.ProggrammaticDepartmentsViewImpl"
  PageIterMode="Full">
  <DesignTime>
    <Attr Name="_isProgrammatic" Value="true"/>
    <Attr Name="_codeGenFlag2" Value="Coll"/>
    <Attr Name="_isExpertMode" Value="true"/>
    <Attr Name="_isCodegen" Value="true"/>
  </DesignTime>
  <Properties>
    <SchemaBasedProperties>
      <LABEL
        ResId="model.ProggrammaticDepartmentsView_LABEL"/>
    </SchemaBasedProperties>
  </Properties>
  <ViewAttribute
    Name="DeptId"
    IsPersistent="false"
    PrecisionRule="true"
    Type="java.lang.Integer"
    ColumnType="$none$"/>
  <ViewAttribute
    Name="DepartmentName"
    IsSelected="false"
    IsPersistent="false"
    PrecisionRule="true"
    Type="java.lang.String"
    ColumnType="$none$"/>
  <AttrArray Name="KeyAttributes">
    <Item Value="DeptId"/>
  </AttrArray>
  <ResourceBundle>
    <PropertiesBundle
      PropertiesFile="model.ModelBundle"/>
  </ResourceBundle>
</ViewObject>
