<?xml version="1.0" encoding="windows-1252" ?>
<!DOCTYPE ViewLink SYSTEM "jbo_03_01.dtd">
<!---->
<ViewLink
  xmlns="http://xmlns.oracle.com/bc4j"
  Name="SItemOrdIdFkLink"
  Version="11.1.1.64.93"
  InheritPersonalization="true"
  EntityAssociation="model.eo.association.SItemOrdIdFkAssoc">
  <DesignTime>
    <Attr Name="_isCodegen" Value="true"/>
  </DesignTime>
  <ViewLinkDefEnd
    Name="SOrdVO"
    Cardinality="1"
    Owner="model.vo.SOrdVO"
    Source="true">
    <DesignTime>
      <Attr Name="_finderName" Value="SOrdVO"/>
      <Attr Name="_isUpdateable" Value="true"/>
      <Attr Name="_minCardinality" Value="1"/>
    </DesignTime>
    <AttrArray Name="Attributes">
      <Item Value="model.vo.SOrdVO.Id"/>
    </AttrArray>
  </ViewLinkDefEnd>
  <ViewLinkDefEnd
    Name="SItemVO"
    Cardinality="-1"
    Owner="model.vo.SItemVO">
    <DesignTime>
      <Attr Name="_finderName" Value="SItemVO"/>
      <Attr Name="_isUpdateable" Value="true"/>
    </DesignTime>
    <AttrArray Name="Attributes">
      <Item Value="model.vo.SItemVO.OrdId"/>
    </AttrArray>
  </ViewLinkDefEnd>
</ViewLink>
