<?xml version="1.0" encoding="windows-1252" ?>
<!DOCTYPE ViewLink SYSTEM "jbo_03_01.dtd">
<!---->
<ViewLink
  xmlns="http://xmlns.oracle.com/bc4j"
  Name="SOrdCustomerIdFkLink"
  Version="11.1.1.64.93"
  InheritPersonalization="true"
  EntityAssociation="model.eo.association.SOrdCustomerIdFkAssoc">
  <DesignTime>
    <Attr Name="_isCodegen" Value="true"/>
  </DesignTime>
  <ViewLinkDefEnd
    Name="SCustomerVO"
    Cardinality="1"
    Owner="model.vo.SCustomerVO"
    Source="true">
    <DesignTime>
      <Attr Name="_finderName" Value="SCustomerVO"/>
      <Attr Name="_isUpdateable" Value="true"/>
      <Attr Name="_minCardinality" Value="1"/>
    </DesignTime>
    <AttrArray Name="Attributes">
      <Item Value="model.vo.SCustomerVO.Id"/>
    </AttrArray>
  </ViewLinkDefEnd>
  <ViewLinkDefEnd
    Name="SOrdVO"
    Cardinality="-1"
    Owner="model.vo.SOrdVO">
    <DesignTime>
      <Attr Name="_finderName" Value="SOrdVO"/>
      <Attr Name="_isUpdateable" Value="true"/>
    </DesignTime>
    <AttrArray Name="Attributes">
      <Item Value="model.vo.SOrdVO.CustomerId"/>
    </AttrArray>
  </ViewLinkDefEnd>
</ViewLink>
