<?xml version="1.0" encoding="windows-1252" ?>
<!DOCTYPE ViewObject SYSTEM "jbo_03_01.dtd">
<!---->
<ViewObject
  xmlns="http://xmlns.oracle.com/bc4j"
  Name="DepartmentsView"
  Version="12.2.1.9.14"
  InheritPersonalization="merge"
  SelectListFlags="1"
  FromListFlags="1"
  WhereFlags="1"
  BindingStyle="OracleName"
  CustomQuery="false"
  SelectAllAttributes="false"
  PageIterMode="Full">
  <EntityUsage
    Name="Departments"
    Entity="model.Departments"/>
  <ViewAttribute
    Name="DepartmentId"
    IsNotNull="true"
    PrecisionRule="true"
    EntityAttrName="DepartmentId"
    EntityUsage="Departments"
    AliasName="DEPARTMENT_ID"/>
  <ViewAttribute
    Name="DepartmentName"
    IsNotNull="true"
    PrecisionRule="true"
    EntityAttrName="DepartmentName"
    EntityUsage="Departments"
    AliasName="DEPARTMENT_NAME"/>
  <ViewAttribute
    Name="ManagerId"
    PrecisionRule="true"
    EntityAttrName="ManagerId"
    EntityUsage="Departments"
    AliasName="MANAGER_ID"/>
  <ViewAttribute
    Name="LocationId"
    PrecisionRule="true"
    EntityAttrName="LocationId"
    EntityUsage="Departments"
    AliasName="LOCATION_ID"/>
  <ViewCriteria
    Name="DepartmentsViewCriteriaLessThan50"
    ViewObjectName="model.DepartmentsView"
    Conjunction="AND">
    <Properties Name="_Props">
      <CustomProperties>
        <Property
          Name="autoExecute"
          Value="false"/>
        <Property
          Name="mode"
          Value="Basic"/>
        <Property
          Name="allowConjunctionOverride"
          Value="true"/>
        <Property
          Name="showInList"
          Value="true"/>
        <Property
          Name="displayOperators"
          Value="InAdvancedMode"/>
      </CustomProperties>
    </Properties>
    <ViewCriteriaRow
      Name="DepartmentsViewCriteria_row_0"
      UpperColumns="1">
      <ViewCriteriaItem
        Name="DepartmentsViewCriteria_DepartmentsViewCriteria_row_0_DepartmentId"
        ViewAttribute="DepartmentId"
        Operator="&lt;="
        Conjunction="AND"
        Value="50"
        Required="Optional"/>
    </ViewCriteriaRow>
  </ViewCriteria>
  <ViewCriteria
    Name="DepartmentsViewCriteriaGreterThan50"
    ViewObjectName="model.DepartmentsView"
    Conjunction="AND">
    <Properties Name="_Props">
      <CustomProperties>
        <Property
          Name="autoExecute"
          Value="false"/>
        <Property
          Name="mode"
          Value="Basic"/>
        <Property
          Name="allowConjunctionOverride"
          Value="true"/>
        <Property
          Name="showInList"
          Value="true"/>
        <Property
          Name="displayOperators"
          Value="InAdvancedMode"/>
      </CustomProperties>
    </Properties>
    <ViewCriteriaRow
      Name="DepartmentsViewCriteria_row_0"
      UpperColumns="1">
      <ViewCriteriaItem
        Name="DepartmentsViewCriteria_DepartmentsViewCriteria_row_0_DepartmentId"
        ViewAttribute="DepartmentId"
        Operator=">"
        Conjunction="AND"
        Value="50"
        Required="Optional"/>
    </ViewCriteriaRow>
  </ViewCriteria>
  <ViewLinkAccessor
    Name="EmployeesView"
    ViewLink="model.EmpDeptFkLink"
    Type="oracle.jbo.RowIterator"
    IsUpdateable="false"/>
</ViewObject>
