<?xml version="1.0" encoding="windows-1252" ?>
<!DOCTYPE ViewObject SYSTEM "jbo_03_01.dtd">
<!---->
<ViewObject
  xmlns="http://xmlns.oracle.com/bc4j"
  Name="EmployeesView"
  Version="12.2.1.9.14"
  InheritPersonalization="merge"
  SelectListFlags="1"
  FromListFlags="1"
  WhereFlags="1"
  BindingStyle="OracleName"
  CustomQuery="false"
  SelectAllAttributes="false"
  PageIterMode="Full"
  RowClass="model.EmployeesViewRowImpl">
  <DesignTime>
    <Attr Name="_codeGenFlag2" Value="Access"/>
    <Attr Name="_isCodegen" Value="true"/>
  </DesignTime>
  <ViewAccessor
    Name="DepartmentsView1"
    ViewObjectName="model.DepartmentsView"
    RowLevelBinds="true">
    <ViewCriteriaUsage
      Name="DepartmentsViewCriteriaLessThan50"
      FullName="model.DepartmentsView.DepartmentsViewCriteriaLessThan50"/>
  </ViewAccessor>
  <ViewAccessor
    Name="DepartmentsView2"
    ViewObjectName="model.DepartmentsView"
    RowLevelBinds="true">
    <ViewCriteriaUsage
      Name="DepartmentsViewCriteriaGreterThan50"
      FullName="model.DepartmentsView.DepartmentsViewCriteriaGreterThan50"/>
  </ViewAccessor>
  <ListBinding
    Name="LOV_DepartmentIdLessThan50"
    ListVOName="DepartmentsView1"
    NullValueFlag="none"
    MRUCount="0">
    <AttrArray Name="AttrNames">
      <Item Value="DepartmentId"/>
    </AttrArray>
    <AttrArray Name="AttrExpressions"/>
    <AttrArray Name="ListAttrNames">
      <Item Value="DepartmentId"/>
    </AttrArray>
    <AttrArray Name="ListDisplayAttrNames">
      <Item Value="DepartmentName"/>
    </AttrArray>
    <DisplayCriteria/>
  </ListBinding>
  <ListBinding
    Name="LOV_DepartmentIdGreterThan50"
    ListVOName="DepartmentsView2"
    NullValueFlag="start"
    NullValueId="${adfBundle['oracle.javatools.resourcebundle.SystemBundle']['NULL_VALUE_RESID']}"
    MRUCount="0">
    <AttrArray Name="AttrNames">
      <Item Value="DepartmentId"/>
    </AttrArray>
    <AttrArray Name="AttrExpressions"/>
    <AttrArray Name="ListAttrNames">
      <Item Value="DepartmentId"/>
    </AttrArray>
    <AttrArray Name="ListDisplayAttrNames">
      <Item Value="DepartmentName"/>
    </AttrArray>
    <DisplayCriteria/>
  </ListBinding>
  <EntityUsage
    Name="Employees"
    Entity="model.Employees"/>
  <ViewAttribute
    Name="EmployeeId"
    IsNotNull="true"
    PrecisionRule="true"
    EntityAttrName="EmployeeId"
    EntityUsage="Employees"
    AliasName="EMPLOYEE_ID"/>
  <ViewAttribute
    Name="FirstName"
    PrecisionRule="true"
    EntityAttrName="FirstName"
    EntityUsage="Employees"
    AliasName="FIRST_NAME"/>
  <ViewAttribute
    Name="LastName"
    PrecisionRule="true"
    EntityAttrName="LastName"
    EntityUsage="Employees"
    AliasName="LAST_NAME"/>
  <ViewAttribute
    Name="Email"
    PrecisionRule="true"
    EntityAttrName="Email"
    EntityUsage="Employees"
    AliasName="EMAIL"/>
  <ViewAttribute
    Name="PhoneNumber"
    PrecisionRule="true"
    EntityAttrName="PhoneNumber"
    EntityUsage="Employees"
    AliasName="PHONE_NUMBER"/>
  <ViewAttribute
    Name="HireDate"
    PrecisionRule="true"
    EntityAttrName="HireDate"
    EntityUsage="Employees"
    AliasName="HIRE_DATE"/>
  <ViewAttribute
    Name="JobId"
    IsNotNull="true"
    PrecisionRule="true"
    EntityAttrName="JobId"
    EntityUsage="Employees"
    AliasName="JOB_ID"/>
  <ViewAttribute
    Name="Salary"
    PrecisionRule="true"
    EntityAttrName="Salary"
    EntityUsage="Employees"
    AliasName="SALARY">
    <Properties>
      <SchemaBasedProperties>
        <AUTOSUBMIT
          Value="true"/>
      </SchemaBasedProperties>
    </Properties>
  </ViewAttribute>
  <ViewAttribute
    Name="CommissionPct"
    PrecisionRule="true"
    EntityAttrName="CommissionPct"
    EntityUsage="Employees"
    AliasName="COMMISSION_PCT"/>
  <ViewAttribute
    Name="ManagerId"
    PrecisionRule="true"
    EntityAttrName="ManagerId"
    EntityUsage="Employees"
    AliasName="MANAGER_ID"/>
  <ViewAttribute
    Name="DepartmentId"
    PrecisionRule="true"
    EntityAttrName="DepartmentId"
    EntityUsage="Employees"
    AliasName="DEPARTMENT_ID"
    LOVName="LOV_DepartmentIdLessThan50"
    LOVFinder="DepartmentLOVSwitcher">
    <Properties>
      <SchemaBasedProperties>
        <CONTROLTYPE
          Value="combo"/>
      </SchemaBasedProperties>
    </Properties>
    <Dependencies>
      <Item
        Value="DepartmentLOVSwitcher"/>
    </Dependencies>
  </ViewAttribute>
  <ViewAttribute
    Name="ShopProfileCount"
    PrecisionRule="true"
    EntityAttrName="ShopProfileCount"
    EntityUsage="Employees"
    AliasName="SHOP_PROFILE_COUNT"/>
  <ViewAttribute
    Name="Versionno"
    PrecisionRule="true"
    EntityAttrName="Versionno"
    EntityUsage="Employees"
    AliasName="VERSIONNO"/>
  <ViewAttribute
    Name="Age"
    PrecisionRule="true"
    EntityAttrName="Age"
    EntityUsage="Employees"
    AliasName="AGE"/>
  <ViewAttribute
    Name="NewEmail"
    IsUnique="true"
    PrecisionRule="true"
    EntityAttrName="NewEmail"
    EntityUsage="Employees"
    AliasName="NEW_EMAIL"/>
  <ViewAttribute
    Name="DepartmentLOVSwitcher"
    IsSelected="false"
    IsPersistent="false"
    PrecisionRule="true"
    Precision="255"
    Type="java.lang.String"
    ColumnType="VARCHAR2"
    AliasName="VIEW_ATTR"
    SQLType="VARCHAR"
    IsUpdateable="false">
    <Properties>
      <SchemaBasedProperties>
        <AUTOSUBMIT
          Value="true"/>
      </SchemaBasedProperties>
    </Properties>
    <Dependencies>
      <Item
        Value="Salary"/>
    </Dependencies>
  </ViewAttribute>
  <ViewLinkAccessor
    Name="EmployeesView"
    ViewLink="model.EmpManagerFkLink"
    Type="oracle.jbo.RowIterator"
    IsUpdateable="false"/>
  <ViewLinkAccessor
    Name="DepartmentsView"
    ViewLink="model.DeptMgrFkLink"
    Type="oracle.jbo.RowIterator"
    IsUpdateable="false"/>
</ViewObject>
