<?xml version="1.0" encoding="windows-1252" ?>
<adfc-config xmlns="http://xmlns.oracle.com/adf/controller" version="1.2">
  <task-flow-definition id="CustomerTF">
    <default-activity id="__1">customer</default-activity>
    <input-parameter-definition id="__17">
      <name id="__16">helloParam</name>
      <value>#{requestScope.helloParam}</value>
      <class>java.lang.String</class>
    </input-parameter-definition>
<managed-bean id="__12">
    <managed-bean-name id="__13">CustomerBean</managed-bean-name>
    <managed-bean-class id="__14">view.bean.CustomerBean</managed-bean-class>
    <managed-bean-scope id="__15">pageFlow</managed-bean-scope>
  </managed-bean>
    <view id="customer">
      <page>/customer.jsff</page>
    </view>
    <view id="items">
      <page>/items.jsff</page>
    </view>
    <control-flow-rule id="__2">
      <from-activity-id id="__3">customer</from-activity-id>
      <control-flow-case id="__5">
        <from-outcome id="__6">gotoitem</from-outcome>
        <to-activity-id id="__4">items</to-activity-id>
      </control-flow-case>
    </control-flow-rule>
    <control-flow-rule id="__7">
      <from-activity-id id="__8">items</from-activity-id>
      <control-flow-case id="__9">
        <from-outcome id="__11">back</from-outcome>
        <to-activity-id id="__10">customer</to-activity-id>
      </control-flow-case>
    </control-flow-rule>
    <use-page-fragments/>
  </task-flow-definition>
</adfc-config>
