<?xml version="1.0" encoding="windows-1252" ?>
<!DOCTYPE AppModule SYSTEM "jbo_03_01.dtd">
<!---->
<AppModule
  xmlns="http://xmlns.oracle.com/bc4j"
  Name="CustomerModule"
  Version="11.1.1.64.93"
  InheritPersonalization="true"
  ComponentClass="model.service.CustomerModuleImpl"
  ComponentInterface="model.service.common.CustomerModule"
  ClientProxyName="model.service.client.CustomerModuleClient"
  ClearCacheOnRollback="true">
  <DesignTime>
    <Attr Name="_deployType" Value="0"/>
    <Attr Name="_isCodegen" Value="true"/>
  </DesignTime>
  <ViewUsage
    Name="SCustomerVO1"
    ViewObjectName="model.vo.SCustomerVO"/>
  <ViewUsage
    Name="SItemVO1"
    ViewObjectName="model.vo.SItemVO"/>
  <ViewUsage
    Name="SOrdVO1"
    ViewObjectName="model.vo.SOrdVO"/>
  <ViewUsage
    Name="SOrdVO2"
    ViewObjectName="model.vo.SOrdVO"/>
  <ViewUsage
    Name="SItemVO2"
    ViewObjectName="model.vo.SItemVO"/>
  <ViewUsage
    Name="SItemVO3"
    ViewObjectName="model.vo.SItemVO"/>
  <ViewUsage
    Name="SInventoryVO"
    ViewObjectName="model.vo.SInventoryVO"/>
  <ViewLinkUsage
    Name="SOrdCustomerIdFkLink1"
    ViewLinkObjectName="model.vo.viewlinks.SOrdCustomerIdFkLink"
    SrcViewUsageName="model.service.CustomerModule.SCustomerVO1"
    DstViewUsageName="model.service.CustomerModule.SOrdVO2"
    Reversed="false"/>
  <ViewLinkUsage
    Name="SItemOrdIdFkLink1"
    ViewLinkObjectName="model.vo.viewlinks.SItemOrdIdFkLink"
    SrcViewUsageName="model.service.CustomerModule.SOrdVO1"
    DstViewUsageName="model.service.CustomerModule.SItemVO2"
    Reversed="false"/>
  <ViewLinkUsage
    Name="SItemOrdIdFkLink2"
    ViewLinkObjectName="model.vo.viewlinks.SItemOrdIdFkLink"
    SrcViewUsageName="model.service.CustomerModule.SOrdVO2"
    DstViewUsageName="model.service.CustomerModule.SItemVO3"
    Reversed="false"/>
  <ClientInterface>
    <Method
      Name="fetchCustomers">
      <Return
        Type="void"/>
      <Parameter
        Name="custId"
        Type="oracle.jbo.domain.Number"/>
    </Method>
    <Method
      Name="fetchProducts">
      <Return
        Type="void"/>
      <Parameter
        Name="product"
        Type="oracle.jbo.domain.Number"/>
    </Method>
    <Method
      Name="fetchCreditRating">
      <Return
        Type="void"/>
      <Parameter
        Name="creditId"
        Type="oracle.jbo.domain.Number"/>
    </Method>
    <Method
      Name="clearCustomers">
      <Return
        Type="void"/>
    </Method>
  </ClientInterface>
</AppModule>
