<?xml version="1.0" encoding="windows-1252" ?>
<!DOCTYPE Association SYSTEM "jbo_03_01.dtd">
<!---->
<Association
  xmlns="http://xmlns.oracle.com/bc4j"
  Name="SOrdCustomerIdFkAssoc"
  Version="11.1.1.64.93"
  InheritPersonalization="true">
  <DesignTime>
    <Attr Name="_isCodegen" Value="true"/>
  </DesignTime>
  <AssociationEnd
    Name="SCustomerEO"
    Cardinality="1"
    Source="true"
    Owner="model.eo.SCustomerEO">
    <DesignTime>
      <Attr Name="_aggregation" Value="0"/>
      <Attr Name="_finderName" Value="SCustomerEO"/>
      <Attr Name="_foreignKey" Value="model.eo.SCustomerEO.SCustomerIdPk"/>
      <Attr Name="_isUpdateable" Value="true"/>
      <Attr Name="_minCardinality" Value="1"/>
    </DesignTime>
    <AttrArray Name="Attributes">
      <Item Value="model.eo.SCustomerEO.Id"/>
    </AttrArray>
  </AssociationEnd>
  <AssociationEnd
    Name="SOrdEO"
    Cardinality="-1"
    Owner="model.eo.SOrdEO">
    <DesignTime>
      <Attr Name="_aggregation" Value="0"/>
      <Attr Name="_finderName" Value="SOrdEO"/>
      <Attr Name="_foreignKey" Value="model.eo.SOrdEO.SOrdCustomerIdFk"/>
      <Attr Name="_isUpdateable" Value="true"/>
    </DesignTime>
    <AttrArray Name="Attributes">
      <Item Value="model.eo.SOrdEO.CustomerId"/>
    </AttrArray>
  </AssociationEnd>
</Association>
