<?xml version="1.0" encoding="windows-1252" ?>
<!DOCTYPE ViewLink SYSTEM "jbo_03_01.dtd">
<!---->
<ViewLink
  xmlns="http://xmlns.oracle.com/bc4j"
  Name="DeptMgrFkLink"
  Version="11.1.1.64.93"
  InheritPersonalization="true"
  EntityAssociation="app.model.DeptMgrFkAssoc">
  <DesignTime>
    <Attr Name="_isCodegen" Value="true"/>
  </DesignTime>
  <ViewLinkDefEnd
    Name="EmployeesView"
    Cardinality="1"
    Owner="app.model.EmployeesView"
    Source="true">
    <DesignTime>
      <Attr Name="_finderName" Value="EmployeesView"/>
      <Attr Name="_isUpdateable" Value="true"/>
    </DesignTime>
    <AttrArray Name="Attributes">
      <Item Value="app.model.EmployeesView.EmployeeId"/>
    </AttrArray>
  </ViewLinkDefEnd>
  <ViewLinkDefEnd
    Name="DepartmentsView"
    Cardinality="-1"
    Owner="app.model.DepartmentsView">
    <DesignTime>
      <Attr Name="_finderName" Value="DepartmentsView"/>
      <Attr Name="_isUpdateable" Value="true"/>
    </DesignTime>
    <AttrArray Name="Attributes">
      <Item Value="app.model.DepartmentsView.ManagerId"/>
    </AttrArray>
  </ViewLinkDefEnd>
</ViewLink>
