<?xml version="1.0" encoding="windows-1252" ?>
<!DOCTYPE ViewObject SYSTEM "jbo_03_01.dtd">
<!---->
<ViewObject
  xmlns="http://xmlns.oracle.com/bc4j"
  Name="EmployeesView"
  Version="11.1.1.64.93"
  InheritPersonalization="true"
  SelectList="Employees.EMPLOYEE_ID, 
       Employees.FIRST_NAME, 
       Employees.LAST_NAME, 
       Employees.EMAIL, 
       Employees.PHONE_NUMBER, 
       Employees.HIRE_DATE, 
       Employees.JOB_ID, 
       Employees.SALARY, 
       Employees.COMMISSION_PCT, 
       Employees.MANAGER_ID, 
       Employees.DEPARTMENT_ID, 
       Employees.SHOP_PROFILE_COUNT, 
       Employees.VERSIONNO, 
       Employees.AGE, 
       Employees.NEW_EMAIL"
  FromList="EMPLOYEES Employees"
  BindingStyle="OracleName"
  CustomQuery="false"
  PageIterMode="Full"
  UseGlueCode="false"
  RowClass="app.model.EmployeesViewRowImpl">
  <DesignTime>
    <Attr Name="_codeGenFlag2" Value="Access"/>
    <Attr Name="_isCodegen" Value="true"/>
  </DesignTime>
  <EntityUsage
    Name="Employees"
    Entity="app.model.Employees"/>
  <ViewAttribute
    Name="EmployeeId"
    IsNotNull="true"
    PrecisionRule="true"
    EntityAttrName="EmployeeId"
    EntityUsage="Employees"
    AliasName="EMPLOYEE_ID"/>
  <ViewAttribute
    Name="FirstName"
    PrecisionRule="true"
    EntityAttrName="FirstName"
    EntityUsage="Employees"
    AliasName="FIRST_NAME"/>
  <ViewAttribute
    Name="LastName"
    PrecisionRule="true"
    EntityAttrName="LastName"
    EntityUsage="Employees"
    AliasName="LAST_NAME"/>
  <ViewAttribute
    Name="Email"
    PrecisionRule="true"
    EntityAttrName="Email"
    EntityUsage="Employees"
    AliasName="EMAIL"/>
  <ViewAttribute
    Name="PhoneNumber"
    PrecisionRule="true"
    EntityAttrName="PhoneNumber"
    EntityUsage="Employees"
    AliasName="PHONE_NUMBER"/>
  <ViewAttribute
    Name="HireDate"
    PrecisionRule="true"
    EntityAttrName="HireDate"
    EntityUsage="Employees"
    AliasName="HIRE_DATE"/>
  <ViewAttribute
    Name="JobId"
    IsNotNull="true"
    PrecisionRule="true"
    EntityAttrName="JobId"
    EntityUsage="Employees"
    AliasName="JOB_ID"/>
  <ViewAttribute
    Name="Salary"
    PrecisionRule="true"
    EntityAttrName="Salary"
    EntityUsage="Employees"
    AliasName="SALARY"/>
  <ViewAttribute
    Name="CommissionPct"
    PrecisionRule="true"
    EntityAttrName="CommissionPct"
    EntityUsage="Employees"
    AliasName="COMMISSION_PCT"/>
  <ViewAttribute
    Name="ManagerId"
    PrecisionRule="true"
    EntityAttrName="ManagerId"
    EntityUsage="Employees"
    AliasName="MANAGER_ID"/>
  <ViewAttribute
    Name="DepartmentId"
    PrecisionRule="true"
    EntityAttrName="DepartmentId"
    EntityUsage="Employees"
    AliasName="DEPARTMENT_ID"/>
  <ViewAttribute
    Name="ShopProfileCount"
    PrecisionRule="true"
    EntityAttrName="ShopProfileCount"
    EntityUsage="Employees"
    AliasName="SHOP_PROFILE_COUNT"/>
  <ViewAttribute
    Name="Versionno"
    PrecisionRule="true"
    EntityAttrName="Versionno"
    EntityUsage="Employees"
    AliasName="VERSIONNO"/>
  <ViewAttribute
    Name="Age"
    PrecisionRule="true"
    EntityAttrName="Age"
    EntityUsage="Employees"
    AliasName="AGE"/>
  <ViewAttribute
    Name="NewEmail"
    IsUnique="true"
    PrecisionRule="true"
    EntityAttrName="NewEmail"
    EntityUsage="Employees"
    AliasName="NEW_EMAIL"/>
  <ViewAttribute
    Name="SelectBox"
    IsSelected="false"
    IsPersistent="false"
    PrecisionRule="true"
    Type="java.lang.Boolean"
    ColumnType="NUMBER"
    AliasName="VIEW_ATTR"
    SQLType="BIT"/>
  <ViewCriteria
    Name="EmployeesViewCriteria"
    ViewObjectName="app.model.EmployeesView"
    Conjunction="AND">
    <Properties>
      <CustomProperties>
        <Property
          Name="displayOperators"
          Value="InAdvancedMode"/>
        <Property
          Name="autoExecute"
          Value="false"/>
        <Property
          Name="allowConjunctionOverride"
          Value="true"/>
        <Property
          Name="showInList"
          Value="true"/>
        <Property
          Name="mode"
          Value="Basic"/>
      </CustomProperties>
    </Properties>
    <ViewCriteriaRow
      Name="vcrow2"
      UpperColumns="1">
      <ViewCriteriaItem
        Name="DepartmentId"
        ViewAttribute="DepartmentId"
        Operator="="
        Conjunction="AND"
        Required="Optional"/>
    </ViewCriteriaRow>
  </ViewCriteria>
  <ViewLinkAccessor
    Name="DepartmentsView"
    ViewLink="app.model.DeptMgrFkLink"
    Type="oracle.jbo.RowIterator"
    IsUpdateable="false"/>
  <ViewLinkAccessor
    Name="EmployeesView"
    ViewLink="app.model.EmpManagerFkLink"
    Type="oracle.jbo.RowIterator"
    IsUpdateable="false"/>
</ViewObject>
