<?xml version="1.0" encoding="windows-1252" ?>
<!DOCTYPE Association SYSTEM "jbo_03_01.dtd">
<!---->
<Association
  xmlns="http://xmlns.oracle.com/bc4j"
  Name="EmpManagerFkAssoc"
  Version="11.1.1.64.93"
  InheritPersonalization="true">
  <DesignTime>
    <Attr Name="_isCodegen" Value="true"/>
  </DesignTime>
  <AssociationEnd
    Name="ManagerIdEmployees"
    Cardinality="1"
    Source="true"
    Owner="app.model.Employees"
    CascadeDelete="true">
    <DesignTime>
      <Attr Name="_aggregation" Value="0"/>
      <Attr Name="_finderName" Value="ManagerIdEmployees"/>
      <Attr Name="_foreignKey" Value="app.model.Employees.EmpEmpIdPk"/>
      <Attr Name="_isUpdateable" Value="true"/>
    </DesignTime>
    <AttrArray Name="Attributes">
      <Item Value="app.model.Employees.EmployeeId"/>
    </AttrArray>
  </AssociationEnd>
  <AssociationEnd
    Name="Employees"
    Cardinality="-1"
    Owner="app.model.Employees"
    HasOwner="true">
    <DesignTime>
      <Attr Name="_aggregation" Value="0"/>
      <Attr Name="_finderName" Value="Employees"/>
      <Attr Name="_foreignKey" Value="app.model.Employees.EmpManagerFk"/>
      <Attr Name="_isUpdateable" Value="true"/>
    </DesignTime>
    <AttrArray Name="Attributes">
      <Item Value="app.model.Employees.ManagerId"/>
    </AttrArray>
  </AssociationEnd>
</Association>
