<?xml version="1.0" encoding="windows-1252" ?>
<!DOCTYPE ViewObject SYSTEM "jbo_03_01.dtd">
<!---->
<ViewObject
  xmlns="http://xmlns.oracle.com/bc4j"
  Name="DepartmetnsAndLocationsView"
  Version="12.2.1.9.14"
  InheritPersonalization="merge"
  BindingStyle="OracleName"
  CustomQuery="false"
  PageIterMode="Full"
  SelectList="Departments.DEPARTMENT_ID, 
       Departments.DEPARTMENT_NAME, 
       Departments.LOCATION_ID, 
       Locations.LOCATION_ID AS LOCATION_ID1, 
       Locations.CITY, 
       Locations.COUNTRY_ID, 
       Locations.POSTAL_CODE, 
       Locations.STATE_PROVINCE, 
       Locations.STREET_ADDRESS, 
       Locations.LOCATION_X, 
       Locations.LOCATION_Y"
  FromList="DEPARTMENTS Departments, LOCATIONS Locations"
  Where="Departments.LOCATION_ID = Locations.LOCATION_ID">
  <Properties>
    <SchemaBasedProperties>
      <LABEL
        ResId="model.DepartmetnsAndLocationsView_LABEL"/>
    </SchemaBasedProperties>
  </Properties>
  <EntityUsage
    Name="Departments"
    Entity="model.Departments"/>
  <EntityUsage
    Name="Locations"
    Entity="model.Locations"
    Association="model.DeptLocFkAssoc"
    AssociationEnd="model.DeptLocFkAssoc.Locations"
    SourceUsage="model.DepartmetnsAndLocationsView.Departments"
    ReadOnly="true"
    Reference="true"
    DeleteParticipant="false"
    JoinType="INNER JOIN">
    <DesignTime>
      <AttrArray Name="_dstAttributes">
        <Item Value="model.Locations.LocationId"/>
      </AttrArray>
      <AttrArray Name="_srcAttributes">
        <Item Value="model.Departments.LocationId"/>
      </AttrArray>
    </DesignTime>
  </EntityUsage>
  <ViewAttribute
    Name="DepartmentId"
    IsNotNull="true"
    PrecisionRule="true"
    EntityAttrName="DepartmentId"
    EntityUsage="Departments"
    AliasName="DEPARTMENT_ID"/>
  <ViewAttribute
    Name="DepartmentName"
    IsNotNull="true"
    PrecisionRule="true"
    EntityAttrName="DepartmentName"
    EntityUsage="Departments"
    AliasName="DEPARTMENT_NAME"/>
  <ViewAttribute
    Name="LocationId"
    PrecisionRule="true"
    EntityAttrName="LocationId"
    EntityUsage="Departments"
    AliasName="LOCATION_ID"/>
  <ViewAttribute
    Name="LocationId1"
    IsNotNull="true"
    PrecisionRule="true"
    EntityAttrName="LocationId"
    EntityUsage="Locations"
    AliasName="LOCATION_ID1"/>
  <ViewAttribute
    Name="City"
    IsNotNull="true"
    PrecisionRule="true"
    EntityAttrName="City"
    EntityUsage="Locations"
    AliasName="CITY"/>
  <ViewAttribute
    Name="CountryId"
    PrecisionRule="true"
    EntityAttrName="CountryId"
    EntityUsage="Locations"
    AliasName="COUNTRY_ID"/>
  <ViewAttribute
    Name="PostalCode"
    PrecisionRule="true"
    EntityAttrName="PostalCode"
    EntityUsage="Locations"
    AliasName="POSTAL_CODE"/>
  <ViewAttribute
    Name="StateProvince"
    PrecisionRule="true"
    EntityAttrName="StateProvince"
    EntityUsage="Locations"
    AliasName="STATE_PROVINCE"/>
  <ViewAttribute
    Name="StreetAddress"
    PrecisionRule="true"
    EntityAttrName="StreetAddress"
    EntityUsage="Locations"
    AliasName="STREET_ADDRESS"/>
  <ViewAttribute
    Name="LocationX"
    PrecisionRule="true"
    EntityAttrName="LocationX"
    EntityUsage="Locations"
    AliasName="LOCATION_X"/>
  <ViewAttribute
    Name="LocationY"
    PrecisionRule="true"
    EntityAttrName="LocationY"
    EntityUsage="Locations"
    AliasName="LOCATION_Y"/>
  <AttrArray Name="KeyAttributes">
    <Item Value="DepartmentId"/>
  </AttrArray>
  <ResourceBundle>
    <PropertiesBundle
      PropertiesFile="model.ModelBundle"/>
  </ResourceBundle>
</ViewObject>
