<?xml version="1.0" encoding="windows-1252" ?>
<adfc-config xmlns="http://xmlns.oracle.com/adf/controller" version="1.2">
  <task-flow-definition id="task-flow-definition">
    <default-activity id="__1">view1</default-activity>
    <managed-bean id="__4">
      <managed-bean-name id="__2">myBean</managed-bean-name>
      <managed-bean-class id="__3">view.myBean.myBean</managed-bean-class>
      <managed-bean-scope id="__5">pageFlow</managed-bean-scope>
    </managed-bean>
    <view id="view1">
      <page>/view1.jsff</page>
    </view>
    <use-page-fragments/>
  </task-flow-definition>
</adfc-config>
